{"total_records": 18043, "unique_routes": 811, "unique_airports": 101, "total_pax": 2471581.946892076, "avg_load_factor": 0.8327910705584419, "hub_distribution": {"DTW": 318277.5997199795, "FLL": 657285.5097584354, "LAS": 253427.1529948076, "MCO": 480303.0285756193, "P2P": 762288.6558432346}}